{"circle": {"means": {"training_time": 43.32432723045349, "eval_loss": 0.4392589893944733, "inference_time": 0.22287249565124512, "kl_divergence": 0.33999898226979575}}, "dino": {"means": {"training_time": 42.710188150405884, "eval_loss": 0.6596653618471092, "inference_time": 0.19703197479248047, "kl_divergence": 1.1150237520334392}}, "line": {"means": {"training_time": 42.690096855163574, "eval_loss": 0.8061502926489886, "inference_time": 0.19467973709106445, "kl_divergence": 0.1603761854828602}}, "moons": {"means": {"training_time": 42.84157633781433, "eval_loss": 0.6179927755194856, "inference_time": 0.19758296012878418, "kl_divergence": 0.09634098502569127}}}