{"final_train_loss": 0.8113069534301758, "best_val_loss": 1.4580144882202148, "total_train_time": 416.0739290714264, "avg_inference_tokens_per_second": 282.6495221389722}