{"shakespeare_char": {"means": {"final_train_loss_mean": 0.8118821581204733, "best_val_loss_mean": 1.46795920530955, "total_train_time_mean": 420.5997989972432, "avg_inference_tokens_per_second_mean": 282.2318154079688}, "stderrs": {"final_train_loss_stderr": 0.004456333309560678, "best_val_loss_stderr": 0.0023748561169409784, "total_train_time_stderr": 2.2689272254953865, "avg_inference_tokens_per_second_stderr": 1.207970780551319}, "final_info_dict": {"final_train_loss": [0.828535795211792, 0.7958037257194519, 0.8113069534301758], "best_val_loss": [1.4715293645858765, 1.4743337631225586, 1.4580144882202148], "total_train_time": [430.22043681144714, 415.5050311088562, 416.0739290714264], "avg_inference_tokens_per_second": [277.5993603645191, 286.44656372041493, 282.6495221389722]}}, "enwik8": {"means": {"final_train_loss_mean": 0.9359163045883179, "best_val_loss_mean": 1.0041886568069458, "total_train_time_mean": 2861.636037826538, "avg_inference_tokens_per_second_mean": 284.56252005537965}, "stderrs": {"final_train_loss_stderr": 0.0, "best_val_loss_stderr": 0.0, "total_train_time_stderr": 0.0, "avg_inference_tokens_per_second_stderr": 0.0}, "final_info_dict": {"final_train_loss": [0.9359163045883179], "best_val_loss": [1.0041886568069458], "total_train_time": [2861.636037826538], "avg_inference_tokens_per_second": [284.56252005537965]}}, "text8": {"means": {"final_train_loss_mean": 0.9917921423912048, "best_val_loss_mean": 0.9797535538673401, "total_train_time_mean": 2852.4803388118744, "avg_inference_tokens_per_second_mean": 281.7378896729236}, "stderrs": {"final_train_loss_stderr": 0.0, "best_val_loss_stderr": 0.0, "total_train_time_stderr": 0.0, "avg_inference_tokens_per_second_stderr": 0.0}, "final_info_dict": {"final_train_loss": [0.9917921423912048], "best_val_loss": [0.9797535538673401], "total_train_time": [2852.4803388118744], "avg_inference_tokens_per_second": [281.7378896729236]}}}