{"final_train_loss": 0.9359163045883179, "best_val_loss": 1.0041886568069458, "total_train_time": 2861.636037826538, "avg_inference_tokens_per_second": 284.56252005537965}