{"final_train_loss": 0.828535795211792, "best_val_loss": 1.4715293645858765, "total_train_time": 430.22043681144714, "avg_inference_tokens_per_second": 277.5993603645191}