{"final_train_loss": 0.7958037257194519, "best_val_loss": 1.4743337631225586, "total_train_time": 415.5050311088562, "avg_inference_tokens_per_second": 286.44656372041493}