{"final_train_loss": 0.9917921423912048, "best_val_loss": 0.9797535538673401, "total_train_time": 2852.4803388118744, "avg_inference_tokens_per_second": 281.7378896729236}