{"final_train_loss": 0.6715415120124817, "final_val_loss": 0.3717937767505646, "final_train_acc": 0.8744140863418579, "final_val_acc": 0.934326171875, "step_val_acc_99": 3950}