{"final_train_loss": 0.026030389592051506, "final_val_loss": 7.513866901397705, "final_train_acc": 0.9996094107627869, "final_val_acc": 0.012939453125, "step_val_acc_99": 7500}