{"final_train_loss": 0.8189873695373535, "final_val_loss": 0.3210170567035675, "final_train_acc": 0.848437488079071, "final_val_acc": 0.9599609375, "step_val_acc_99": 4560}