{"final_train_loss": 0.006122402381151915, "final_val_loss": 0.007631110493093729, "final_train_acc": 1.0, "final_val_acc": 1.0, "step_val_acc_99": 4370}