{"final_train_loss": 0.00671748910099268, "final_val_loss": 0.007159150205552578, "final_train_acc": 1.0, "final_val_acc": 1.0, "step_val_acc_99": 2940}