{"final_train_loss": 0.0029847368132323027, "final_val_loss": 0.0030953690875321627, "final_train_acc": 1.0, "final_val_acc": 1.0, "step_val_acc_99": 3310}