{"final_train_loss": 0.26877567172050476, "final_val_loss": 1.7491364479064941, "final_train_acc": 0.959765613079071, "final_val_acc": 0.498046875, "step_val_acc_99": 7500}