{"final_train_loss": 0.17333826422691345, "final_val_loss": 8.494007110595703, "final_train_acc": 0.976757824420929, "final_val_acc": 0.005615234375, "step_val_acc_99": 7500}