{"final_train_loss": 0.48182231187820435, "final_val_loss": 0.25258514285087585, "final_train_acc": 0.928515613079071, "final_val_acc": 0.9765625, "step_val_acc_99": 4160}