{"x_div_y": {"means": {"final_train_loss_mean": 0.2768245623447001, "final_val_loss_mean": 0.11152302147820592, "final_train_acc_mean": 0.9494791626930237, "final_val_acc_mean": 0.9866536458333334, "step_val_acc_99_mean": 4300.0}, "stderrs": {"final_train_loss_stderr": 0.12778904084263734, "final_val_loss_stderr": 0.04937876609441836, "final_train_acc_stderr": 0.023815751100656844, "final_val_acc_stderr": 0.0062915316902448885, "step_val_acc_99_stderr": 81.96656951781328}, "final_info_dict": {"final_train_loss": [0.005363915115594864, 0.8189873695373535, 0.006122402381151915], "final_val_loss": [0.005920897237956524, 0.3210170567035675, 0.007631110493093729], "final_train_acc": [1.0, 0.848437488079071, 1.0], "final_val_acc": [1.0, 0.9599609375, 1.0], "step_val_acc_99": [3970, 4560, 4370]}}, "x_minus_y": {"means": {"final_train_loss_mean": 0.3874099887907505, "final_val_loss_mean": 0.2113132681697607, "final_train_acc_mean": 0.9343098998069763, "final_val_acc_mean": 0.9702962239583334, "step_val_acc_99_mean": 3690.0}, "stderrs": {"final_train_loss_stderr": 0.09288380890234989, "final_val_loss_stderr": 0.05024436044488214, "final_train_acc_stderr": 0.017144561272054167, "final_val_acc_stderr": 0.009058299189226396, "step_val_acc_99_stderr": 174.41967269268173}, "final_info_dict": {"final_train_loss": [0.6715415120124817, 0.008866142481565475, 0.48182231187820435], "final_val_loss": [0.3717937767505646, 0.009560884907841682, 0.25258514285087585], "final_train_acc": [0.8744140863418579, 1.0, 0.928515613079071], "final_val_acc": [0.934326171875, 1.0, 0.9765625], "step_val_acc_99": [3950, 2960, 4160]}}, "x_plus_y": {"means": {"final_train_loss_mean": 0.0046033968683332205, "final_val_loss_mean": 0.004906391957774758, "final_train_acc_mean": 1.0, "final_val_acc_mean": 1.0, "step_val_acc_99_mean": 2920.0}, "stderrs": {"final_train_loss_stderr": 0.0005212129508897619, "final_val_loss_stderr": 0.0005627266194770847, "final_train_acc_stderr": 0.0, "final_val_acc_stderr": 0.0, "step_val_acc_99_stderr": 108.9682250661819}, "final_info_dict": {"final_train_loss": [0.0029847368132323027, 0.004107964690774679, 0.00671748910099268], "final_val_loss": [0.0030953690875321627, 0.004464656580239534, 0.007159150205552578], "final_train_acc": [1.0, 1.0, 1.0], "final_val_acc": [1.0, 1.0, 1.0], "step_val_acc_99": [3310, 2510, 2940]}}, "permutation": {"means": {"final_train_loss_mean": 0.15604810851315656, "final_val_loss_mean": 5.919003486633301, "final_train_acc_mean": 0.978710949420929, "final_val_acc_mean": 0.17220052083333334, "step_val_acc_99_mean": 7500.0}, "stderrs": {"final_train_loss_stderr": 0.033283885670997077, "final_val_loss_stderr": 0.9918561741583628, "final_train_acc_stderr": 0.00544156211513949, "final_val_acc_stderr": 0.07680918923509282, "step_val_acc_99_stderr": 0.0}, "final_info_dict": {"final_train_loss": [0.26877567172050476, 0.026030389592051506, 0.17333826422691345], "final_val_loss": [1.7491364479064941, 7.513866901397705, 8.494007110595703], "final_train_acc": [0.959765613079071, 0.9996094107627869, 0.976757824420929], "final_val_acc": [0.498046875, 0.012939453125, 0.005615234375], "step_val_acc_99": [7500, 7500, 7500]}}}