{"final_train_loss": 0.004107964690774679, "final_val_loss": 0.004464656580239534, "final_train_acc": 1.0, "final_val_acc": 1.0, "step_val_acc_99": 2510}