{"final_train_loss": 0.005363915115594864, "final_val_loss": 0.005920897237956524, "final_train_acc": 1.0, "final_val_acc": 1.0, "step_val_acc_99": 3970}