{"final_train_loss": 0.008866142481565475, "final_val_loss": 0.009560884907841682, "final_train_acc": 1.0, "final_val_acc": 1.0, "step_val_acc_99": 2960}