{"shakespeare_char": {"means": {"final_train_loss_mean": 0.824421763420105, "best_val_loss_mean": 1.4612118005752563, "total_train_time_mean": 415.27987933158875, "avg_inference_tokens_per_second_mean": 278.28495989863075}, "stderrs": {"final_train_loss_stderr": 0.0, "best_val_loss_stderr": 0.0, "total_train_time_stderr": 0.0, "avg_inference_tokens_per_second_stderr": 0.0}, "final_info_dict": {"final_train_loss": [0.824421763420105], "best_val_loss": [1.4612118005752563], "total_train_time": [415.27987933158875], "avg_inference_tokens_per_second": [278.28495989863075]}}}