{"final_train_loss": 0.824421763420105, "best_val_loss": 1.4612118005752563, "total_train_time": 415.27987933158875, "avg_inference_tokens_per_second": 278.28495989863075}